/*
 Source Server   :127.0.0.1
 Source Database :bluebig
 Date :2015-07-02 16:34:44
*/

SET FOREIGN_KEY_CHECKS = 0;
-- ----------------------------
-- Table structure for `SYS_ZIDIAN`
-- ----------------------------
DROP TABLE IF EXISTS `SYS_ZIDIAN`;
Create table `SYS_ZIDIAN`
(
`ZD_ID` VARCHAR(255),
`NAME` VARCHAR(255),
`BIANMA` VARCHAR(255),
`ORDY_BY` INTEGER,
`PARENT_ID` VARCHAR(255),
`JB` INTEGER,
`P_BM` VARCHAR(255)
)ENGINE=InnoDB DEFAULT CHARSET=utf8 COMMENT='SYS_ZIDIAN';


INSERT INTO SYS_ZIDIAN (ZD_ID,NAME,BIANMA,ORDY_BY,PARENT_ID,JB,P_BM)VALUES ('91159468e8934cd7bf374c2c51efbbd8','分类','FL','2','0','1','FL');
INSERT INTO SYS_ZIDIAN (ZD_ID,NAME,BIANMA,ORDY_BY,PARENT_ID,JB,P_BM)VALUES ('b2d8a3bb2e5e4a7c82051a5cf32e5653','FF1','F1','1','91159468e8934cd7bf374c2c51efbbd8','2','FL_F1');
INSERT INTO SYS_ZIDIAN (ZD_ID,NAME,BIANMA,ORDY_BY,PARENT_ID,JB,P_BM)VALUES ('3ae0abc1c06449778033c392e064beb8','FF2','F2','1','b2d8a3bb2e5e4a7c82051a5cf32e5653','3','F1_F2');
INSERT INTO SYS_ZIDIAN (ZD_ID,NAME,BIANMA,ORDY_BY,PARENT_ID,JB,P_BM)VALUES ('64abedd75d0b43fca1e8ad0482d9f373','课程','KC','1','0','1','KC');
INSERT INTO SYS_ZIDIAN (ZD_ID,NAME,BIANMA,ORDY_BY,PARENT_ID,JB,P_BM)VALUES ('810c068dd3234c3dba1ec11c494dcb12','语文','001','1','64abedd75d0b43fca1e8ad0482d9f373','2','KC_001');
-- ----------------------------
-- Table structure for `SYS_APP_USER`
-- ----------------------------
DROP TABLE IF EXISTS `SYS_APP_USER`;
Create table `SYS_APP_USER`
(
`USER_ID` VARCHAR(255) NOT NULL  COMMENT '用户id',
`USERNAME` VARCHAR(255) COMMENT '用户名',
`PASSWORD` VARCHAR(255) COMMENT '密码',
`NAME` VARCHAR(255) COMMENT '姓名',
`RIGHTS` VARCHAR(255) COMMENT '权限',
`ROLE_ID` VARCHAR(255) COMMENT '角色id',
`LAST_LOGIN` VARCHAR(255) COMMENT '最后登录时间',
`IP` VARCHAR(255) COMMENT '登录端ip地址',
`STATUS` VARCHAR(255) COMMENT '状态',
`BZ` VARCHAR(255) COMMENT '备注',
`PHONE` VARCHAR(255) COMMENT '电话',
`SFID` VARCHAR(255) COMMENT '身份证',
`START_TIME` VARCHAR(255) COMMENT '服务开始时间',
`END_TIME` VARCHAR(255) COMMENT '服务结束时间',
`YEARS` INTEGER,
`NUMBER` VARCHAR(255),
`EMAIL` VARCHAR(255),
PRIMARY KEY (`USER_ID`)
)ENGINE=InnoDB DEFAULT CHARSET=utf8 COMMENT='SYS_APP_USER';


INSERT INTO SYS_APP_USER (USER_ID,USERNAME,PASSWORD,NAME,ROLE_ID,STATUS,BZ,PHONE,SFID,START_TIME,END_TIME,YEARS,NUMBER,EMAIL)VALUES ('8c1ef225ff9049e8af1603a18a470de5','k1','c4ca4238a0b923820dcc509a6f75849b','k','9b55251207324a2aae8bd073cbaf3971','1','k','1','1','2014-12-03','2014-12-31','1','521','werwerwer@qq.com');
-- ----------------------------
-- Table structure for `SYS_DICTIONARIES`
-- ----------------------------
DROP TABLE IF EXISTS `SYS_DICTIONARIES`;
Create table `SYS_DICTIONARIES`
(
`ZD_ID` VARCHAR(255) NOT NULL ,
`NAME` VARCHAR(255),
`BIANMA` VARCHAR(255),
`ORDY_BY` INTEGER,
`PARENT_ID` VARCHAR(255),
`JB` INTEGER,
`P_BM` VARCHAR(255),
PRIMARY KEY (`ZD_ID`)
)ENGINE=InnoDB DEFAULT CHARSET=utf8 COMMENT='SYS_DICTIONARIES';


INSERT INTO SYS_DICTIONARIES (ZD_ID,NAME,BIANMA,ORDY_BY,PARENT_ID,JB,P_BM)VALUES ('91159468e8934cd7bf374c2c51efbbd8','分类','FL','2','0','1','FL');
INSERT INTO SYS_DICTIONARIES (ZD_ID,NAME,BIANMA,ORDY_BY,PARENT_ID,JB,P_BM)VALUES ('b2d8a3bb2e5e4a7c82051a5cf32e5653','FF1','F1','1','91159468e8934cd7bf374c2c51efbbd8','2','FL_F1');
INSERT INTO SYS_DICTIONARIES (ZD_ID,NAME,BIANMA,ORDY_BY,PARENT_ID,JB,P_BM)VALUES ('3ae0abc1c06449778033c392e064beb8','FF2','F2','1','b2d8a3bb2e5e4a7c82051a5cf32e5653','3','F1_F2');
INSERT INTO SYS_DICTIONARIES (ZD_ID,NAME,BIANMA,ORDY_BY,PARENT_ID,JB,P_BM)VALUES ('64abedd75d0b43fca1e8ad0482d9f373','课程','KC','1','0','1','KC');
INSERT INTO SYS_DICTIONARIES (ZD_ID,NAME,BIANMA,ORDY_BY,PARENT_ID,JB,P_BM)VALUES ('810c068dd3234c3dba1ec11c494dcb12','语文','001','1','64abedd75d0b43fca1e8ad0482d9f373','2','KC_001');
INSERT INTO SYS_DICTIONARIES (ZD_ID,NAME,BIANMA,ORDY_BY,PARENT_ID,JB,P_BM)VALUES ('64a2d0f8363645faa6731873453d8c22','导航位置','POSITION','3','0','1','POSITION');
INSERT INTO SYS_DICTIONARIES (ZD_ID,NAME,BIANMA,ORDY_BY,PARENT_ID,JB,P_BM)VALUES ('dbbb28c9806b40a6afc1396fe89e0de3','顶部','0','1','64a2d0f8363645faa6731873453d8c22','2','POSITION_0');
INSERT INTO SYS_DICTIONARIES (ZD_ID,NAME,BIANMA,ORDY_BY,PARENT_ID,JB,P_BM)VALUES ('c61b31e2e9f44e408954fcb011782307','中间','1','2','64a2d0f8363645faa6731873453d8c22','2','POSITION_1');
INSERT INTO SYS_DICTIONARIES (ZD_ID,NAME,BIANMA,ORDY_BY,PARENT_ID,JB,P_BM)VALUES ('ef248e7b3c9f41f1ae21504b6bc45e9b','底部','2','3','64a2d0f8363645faa6731873453d8c22','2','POSITION_2');
INSERT INTO SYS_DICTIONARIES (ZD_ID,NAME,BIANMA,ORDY_BY,PARENT_ID,JB,P_BM)VALUES ('28e1c54154aa45d888926791f76165f7','是否新窗口打开','isBlankTarget','4','0','1','isBlankTarget');
INSERT INTO SYS_DICTIONARIES (ZD_ID,NAME,BIANMA,ORDY_BY,PARENT_ID,JB,P_BM)VALUES ('f1ea466b9cfa43b686e408e9751470de','是','0','1','28e1c54154aa45d888926791f76165f7','2','isBlankTarget_0');
INSERT INTO SYS_DICTIONARIES (ZD_ID,NAME,BIANMA,ORDY_BY,PARENT_ID,JB,P_BM)VALUES ('d585fc7b26bc4532b85c8c1a232c27ad','文章分类','ARTICLE_CATEGORY','5','0','1','ARTICLE_CATEGORY');
INSERT INTO SYS_DICTIONARIES (ZD_ID,NAME,BIANMA,ORDY_BY,PARENT_ID,JB,P_BM)VALUES ('887bb28302364b9a84b4f238f98438b4','商城动态','0','1','d585fc7b26bc4532b85c8c1a232c27ad','2','ARTICLE_CATEGORY_0');
INSERT INTO SYS_DICTIONARIES (ZD_ID,NAME,BIANMA,ORDY_BY,PARENT_ID,JB,P_BM)VALUES ('16bad22aa51c42d18fc418f364052a67','活动促销','1','2','d585fc7b26bc4532b85c8c1a232c27ad','2','ARTICLE_CATEGORY_1');
INSERT INTO SYS_DICTIONARIES (ZD_ID,NAME,BIANMA,ORDY_BY,PARENT_ID,JB,P_BM)VALUES ('381760359fe442498f3ca17a7702ffe2','购物指南','2','3','d585fc7b26bc4532b85c8c1a232c27ad','2','ARTICLE_CATEGORY_2');
INSERT INTO SYS_DICTIONARIES (ZD_ID,NAME,BIANMA,ORDY_BY,PARENT_ID,JB,P_BM)VALUES ('3c762c09f03d4cbcac88ee0edee6404d','支付方式','3','4','d585fc7b26bc4532b85c8c1a232c27ad','2','ARTICLE_CATEGORY_3');
INSERT INTO SYS_DICTIONARIES (ZD_ID,NAME,BIANMA,ORDY_BY,PARENT_ID,JB,P_BM)VALUES ('01944c6dad4b4332b396f7bf089146e6','配送方式','4','5','d585fc7b26bc4532b85c8c1a232c27ad','2','ARTICLE_CATEGORY_4');
INSERT INTO SYS_DICTIONARIES (ZD_ID,NAME,BIANMA,ORDY_BY,PARENT_ID,JB,P_BM)VALUES ('5525427fe6a842b88a17a14c2255a62d','售后服务','5','6','d585fc7b26bc4532b85c8c1a232c27ad','2','ARTICLE_CATEGORY_5');
-- ----------------------------
-- Table structure for `SYS_GL_QX`
-- ----------------------------
DROP TABLE IF EXISTS `SYS_GL_QX`;
Create table `SYS_GL_QX`
(
`GL_ID` VARCHAR(255) NOT NULL ,
`ROLE_ID` VARCHAR(255),
`FX_QX` INTEGER,
`FW_QX` INTEGER,
`QX1` INTEGER,
`QX2` INTEGER,
`QX3` INTEGER,
`QX4` INTEGER,
PRIMARY KEY (`GL_ID`)
)ENGINE=InnoDB DEFAULT CHARSET=utf8 COMMENT='SYS_GL_QX';


INSERT INTO SYS_GL_QX (GL_ID,ROLE_ID,FX_QX,FW_QX,QX1,QX2,QX3,QX4)VALUES ('6860150abf64486da96fdcf1ae0e28e1','1','0','0','0','0','0','0');
INSERT INTO SYS_GL_QX (GL_ID,ROLE_ID,FX_QX,FW_QX,QX1,QX2,QX3,QX4)VALUES ('2','1','1','1','1','1','1','1');
INSERT INTO SYS_GL_QX (GL_ID,ROLE_ID,FX_QX,FW_QX,QX1,QX2,QX3,QX4)VALUES ('1','0','1','1','1','1','1','1');
INSERT INTO SYS_GL_QX (GL_ID,ROLE_ID,FX_QX,FW_QX,QX1,QX2,QX3,QX4)VALUES ('abac05d7f93148149fda3b4af8b05fbb','7','0','0','0','0','0','0');
INSERT INTO SYS_GL_QX (GL_ID,ROLE_ID,FX_QX,FW_QX,QX1,QX2,QX3,QX4)VALUES ('9b55251207324a2aae8bd073cbaf3971','7','0','0','0','0','0','0');
INSERT INTO SYS_GL_QX (GL_ID,ROLE_ID,FX_QX,FW_QX,QX1,QX2,QX3,QX4)VALUES ('cc874ff76fa149f38503039742b65b57','7','0','0','0','0','0','0');
INSERT INTO SYS_GL_QX (GL_ID,ROLE_ID,FX_QX,FW_QX,QX1,QX2,QX3,QX4)VALUES ('7f6719a1069941b6af50b2539864d511','6','0','0','0','0','0','0');
INSERT INTO SYS_GL_QX (GL_ID,ROLE_ID,FX_QX,FW_QX,QX1,QX2,QX3,QX4)VALUES ('98e2524a98144326a129bd9490f9075f','4','0','0','0','0','0','0');
-- ----------------------------
-- Table structure for `SYS_MENU`
-- ----------------------------
DROP TABLE IF EXISTS `SYS_MENU`;
Create table `SYS_MENU`
(
`MENU_ID` NUMERIC(19,5) NOT NULL ,
`MENU_NAME` VARCHAR(255),
`MENU_URL` VARCHAR(255),
`PARENT_ID` VARCHAR(255),
`MENU_ORDER` VARCHAR(255),
`MENU_ICON` VARCHAR(255),
`MENU_TYPE` VARCHAR(255),
PRIMARY KEY (`MENU_ID`)
)ENGINE=InnoDB DEFAULT CHARSET=utf8 COMMENT='SYS_MENU';


INSERT INTO SYS_MENU (MENU_ID,MENU_NAME,MENU_URL,PARENT_ID,MENU_ORDER,MENU_ICON,MENU_TYPE)VALUES ('8','基础设置','#','0','93','icon-th','2');
INSERT INTO SYS_MENU (MENU_ID,MENU_NAME,MENU_URL,PARENT_ID,MENU_ORDER,MENU_TYPE)VALUES ('9','接口测试','tool/interfaceTest.do','8','11','1');
INSERT INTO SYS_MENU (MENU_ID,MENU_NAME,MENU_URL,PARENT_ID,MENU_ORDER,MENU_TYPE)VALUES ('10','发送邮件','tool/goSendEmail.do','8','10','1');
INSERT INTO SYS_MENU (MENU_ID,MENU_NAME,MENU_URL,PARENT_ID,MENU_ORDER,MENU_TYPE)VALUES ('6','图片管理','pictures/list.do','5','1','2');
INSERT INTO SYS_MENU (MENU_ID,MENU_NAME,MENU_URL,PARENT_ID,MENU_ORDER,MENU_TYPE)VALUES ('7','性能监控','druid/index.html','1','4','1');
INSERT INTO SYS_MENU (MENU_ID,MENU_NAME,MENU_URL,PARENT_ID,MENU_ORDER,MENU_ICON,MENU_TYPE)VALUES ('5','信息管理','#','0','92','icon-list-alt','2');
INSERT INTO SYS_MENU (MENU_ID,MENU_NAME,MENU_URL,PARENT_ID,MENU_ORDER,MENU_ICON,MENU_TYPE)VALUES ('1','系统管理','#','0','91','icon-desktop','1');
INSERT INTO SYS_MENU (MENU_ID,MENU_NAME,MENU_URL,PARENT_ID,MENU_ORDER,MENU_TYPE)VALUES ('2','组织管理','role.do','1','1','1');
INSERT INTO SYS_MENU (MENU_ID,MENU_NAME,MENU_URL,PARENT_ID,MENU_ORDER,MENU_TYPE)VALUES ('3','系统用户','user/listUsers.do','1','2','1');
INSERT INTO SYS_MENU (MENU_ID,MENU_NAME,MENU_URL,PARENT_ID,MENU_ORDER,MENU_TYPE)VALUES ('4','会员管理','happuser/listUsers.do','1','3','1');
INSERT INTO SYS_MENU (MENU_ID,MENU_NAME,MENU_URL,PARENT_ID,MENU_ORDER,MENU_TYPE)VALUES ('62','消息列表','#','8','9','2');
INSERT INTO SYS_MENU (MENU_ID,MENU_NAME,MENU_URL,PARENT_ID,MENU_ORDER,MENU_TYPE)VALUES ('11','商品管理','#','0','3','1');
INSERT INTO SYS_MENU (MENU_ID,MENU_NAME,MENU_URL,PARENT_ID,MENU_ORDER,MENU_TYPE)VALUES ('12','订单管理','#','0','4','1');
INSERT INTO SYS_MENU (MENU_ID,MENU_NAME,MENU_URL,PARENT_ID,MENU_ORDER,MENU_TYPE)VALUES ('14','内容管理','#','0','5','1');
INSERT INTO SYS_MENU (MENU_ID,MENU_NAME,MENU_URL,PARENT_ID,MENU_ORDER,MENU_TYPE)VALUES ('15','会员管理','#','0','6','1');
INSERT INTO SYS_MENU (MENU_ID,MENU_NAME,MENU_URL,PARENT_ID,MENU_ORDER,MENU_TYPE)VALUES ('16','营销管理','#','0','7','1');
INSERT INTO SYS_MENU (MENU_ID,MENU_NAME,MENU_URL,PARENT_ID,MENU_ORDER,MENU_TYPE)VALUES ('17','销售报表','#','0','8','1');
INSERT INTO SYS_MENU (MENU_ID,MENU_NAME,MENU_URL,PARENT_ID,MENU_ORDER,MENU_TYPE)VALUES ('18','商品管理','#','11','1','1');
INSERT INTO SYS_MENU (MENU_ID,MENU_NAME,MENU_URL,PARENT_ID,MENU_ORDER,MENU_TYPE)VALUES ('20','商品参数','#','11','3','1');
INSERT INTO SYS_MENU (MENU_ID,MENU_NAME,MENU_URL,PARENT_ID,MENU_ORDER,MENU_TYPE)VALUES ('19','商品分类','#','11','2','1');
INSERT INTO SYS_MENU (MENU_ID,MENU_NAME,MENU_URL,PARENT_ID,MENU_ORDER,MENU_TYPE)VALUES ('21','商品属性','#','11','4','1');
INSERT INTO SYS_MENU (MENU_ID,MENU_NAME,MENU_URL,PARENT_ID,MENU_ORDER,MENU_TYPE)VALUES ('22','规格管理','#','11','5','1');
INSERT INTO SYS_MENU (MENU_ID,MENU_NAME,MENU_URL,PARENT_ID,MENU_ORDER,MENU_TYPE)VALUES ('23','到货通知','#','11','7','1');
INSERT INTO SYS_MENU (MENU_ID,MENU_NAME,MENU_URL,PARENT_ID,MENU_ORDER,MENU_TYPE)VALUES ('24','品牌管理','#','11','6','1');
INSERT INTO SYS_MENU (MENU_ID,MENU_NAME,MENU_URL,PARENT_ID,MENU_ORDER,MENU_TYPE)VALUES ('25','订单管理','#','12','1','1');
INSERT INTO SYS_MENU (MENU_ID,MENU_NAME,MENU_URL,PARENT_ID,MENU_ORDER,MENU_TYPE)VALUES ('26','收款管理','#','12','3','1');
INSERT INTO SYS_MENU (MENU_ID,MENU_NAME,MENU_URL,PARENT_ID,MENU_ORDER,MENU_TYPE)VALUES ('27','退款管理','#','12','2','1');
INSERT INTO SYS_MENU (MENU_ID,MENU_NAME,MENU_URL,PARENT_ID,MENU_ORDER,MENU_TYPE)VALUES ('28','发货管理','#','12','4','1');
INSERT INTO SYS_MENU (MENU_ID,MENU_NAME,MENU_URL,PARENT_ID,MENU_ORDER,MENU_TYPE)VALUES ('31','快递单模板','#','12','7','1');
INSERT INTO SYS_MENU (MENU_ID,MENU_NAME,MENU_URL,PARENT_ID,MENU_ORDER,MENU_TYPE)VALUES ('29','退货管理','#','12','5','1');
INSERT INTO SYS_MENU (MENU_ID,MENU_NAME,MENU_URL,PARENT_ID,MENU_ORDER,MENU_TYPE)VALUES ('30','发货点管理','#','12','6','1');
INSERT INTO SYS_MENU (MENU_ID,MENU_NAME,MENU_URL,PARENT_ID,MENU_ORDER,MENU_TYPE)VALUES ('32','导航管理','navigation/listNavigation.do','14','1','1');
INSERT INTO SYS_MENU (MENU_ID,MENU_NAME,MENU_URL,PARENT_ID,MENU_ORDER,MENU_TYPE)VALUES ('33','文章管理','article/listArticle.do','14','2','1');
INSERT INTO SYS_MENU (MENU_ID,MENU_NAME,MENU_URL,PARENT_ID,MENU_ORDER,MENU_TYPE)VALUES ('34','文章分类','articlecategory/listArticleCategory.do','14','3','1');
INSERT INTO SYS_MENU (MENU_ID,MENU_NAME,MENU_URL,PARENT_ID,MENU_ORDER,MENU_TYPE)VALUES ('35','标签管理','tag/listTag.do','14','4','1');
INSERT INTO SYS_MENU (MENU_ID,MENU_NAME,MENU_URL,PARENT_ID,MENU_ORDER,MENU_TYPE)VALUES ('36','友情链接','#','14','5','1');
INSERT INTO SYS_MENU (MENU_ID,MENU_NAME,MENU_URL,PARENT_ID,MENU_ORDER,MENU_TYPE)VALUES ('37','广告位','#','14','6','1');
INSERT INTO SYS_MENU (MENU_ID,MENU_NAME,MENU_URL,PARENT_ID,MENU_ORDER,MENU_TYPE)VALUES ('38','广告管理','#','14','7','1');
INSERT INTO SYS_MENU (MENU_ID,MENU_NAME,MENU_URL,PARENT_ID,MENU_ORDER,MENU_TYPE)VALUES ('39','模板管理','#','14','8','1');
INSERT INTO SYS_MENU (MENU_ID,MENU_NAME,MENU_URL,PARENT_ID,MENU_ORDER,MENU_TYPE)VALUES ('40','缓存管理','#','14','9','1');
INSERT INTO SYS_MENU (MENU_ID,MENU_NAME,MENU_URL,PARENT_ID,MENU_ORDER,MENU_TYPE)VALUES ('44','促销管理','#','16','1','1');
INSERT INTO SYS_MENU (MENU_ID,MENU_NAME,MENU_URL,PARENT_ID,MENU_ORDER,MENU_TYPE)VALUES ('42','索引管理','#','14','9','1');
INSERT INTO SYS_MENU (MENU_ID,MENU_NAME,MENU_URL,PARENT_ID,MENU_ORDER,MENU_TYPE)VALUES ('43','静态化管理','#','14','9','1');
INSERT INTO SYS_MENU (MENU_ID,MENU_NAME,MENU_URL,PARENT_ID,MENU_ORDER,MENU_TYPE)VALUES ('45','优惠券管理','#','16','3','1');
INSERT INTO SYS_MENU (MENU_ID,MENU_NAME,MENU_URL,PARENT_ID,MENU_ORDER,MENU_TYPE)VALUES ('46','SEO设置','#','16','3','1');
INSERT INTO SYS_MENU (MENU_ID,MENU_NAME,MENU_URL,PARENT_ID,MENU_ORDER,MENU_TYPE)VALUES ('47','Sitemap管理','#','16','4','1');
INSERT INTO SYS_MENU (MENU_ID,MENU_NAME,MENU_URL,PARENT_ID,MENU_ORDER,MENU_TYPE)VALUES ('48','访问统计','#','17','1','1');
INSERT INTO SYS_MENU (MENU_ID,MENU_NAME,MENU_URL,PARENT_ID,MENU_ORDER,MENU_TYPE)VALUES ('49','统计设置','#','17','2','1');
INSERT INTO SYS_MENU (MENU_ID,MENU_NAME,MENU_URL,PARENT_ID,MENU_ORDER,MENU_TYPE)VALUES ('50','销售统计','#','17','3','1');
INSERT INTO SYS_MENU (MENU_ID,MENU_NAME,MENU_URL,PARENT_ID,MENU_ORDER,MENU_TYPE)VALUES ('51','销售排行','#','17','4','1');
INSERT INTO SYS_MENU (MENU_ID,MENU_NAME,MENU_URL,PARENT_ID,MENU_ORDER,MENU_TYPE)VALUES ('52','消费排行','#','17','5','1');
INSERT INTO SYS_MENU (MENU_ID,MENU_NAME,MENU_URL,PARENT_ID,MENU_ORDER,MENU_TYPE)VALUES ('53','预存款','#','17','6','1');
INSERT INTO SYS_MENU (MENU_ID,MENU_NAME,MENU_URL,PARENT_ID,MENU_ORDER,MENU_TYPE)VALUES ('54','系统设置','#','8','1','2');
INSERT INTO SYS_MENU (MENU_ID,MENU_NAME,MENU_URL,PARENT_ID,MENU_ORDER,MENU_TYPE)VALUES ('55','地区管理','#','8','2','2');
INSERT INTO SYS_MENU (MENU_ID,MENU_NAME,MENU_URL,PARENT_ID,MENU_ORDER,MENU_TYPE)VALUES ('56','支付方式','#','8','3','2');
INSERT INTO SYS_MENU (MENU_ID,MENU_NAME,MENU_URL,PARENT_ID,MENU_ORDER,MENU_TYPE)VALUES ('57','配送方式','#','8','4','2');
INSERT INTO SYS_MENU (MENU_ID,MENU_NAME,MENU_URL,PARENT_ID,MENU_ORDER,MENU_TYPE)VALUES ('58','物流公司','#','8','5','2');
INSERT INTO SYS_MENU (MENU_ID,MENU_NAME,MENU_URL,PARENT_ID,MENU_ORDER,MENU_TYPE)VALUES ('59','支付插件','#','8','6','2');
INSERT INTO SYS_MENU (MENU_ID,MENU_NAME,MENU_URL,PARENT_ID,MENU_ORDER,MENU_TYPE)VALUES ('60','存储插件','#','8','7','2');
INSERT INTO SYS_MENU (MENU_ID,MENU_NAME,MENU_URL,PARENT_ID,MENU_ORDER,MENU_TYPE)VALUES ('61','日志管理','#','8','8','2');
-- ----------------------------
-- Table structure for `SYS_ROLE`
-- ----------------------------
DROP TABLE IF EXISTS `SYS_ROLE`;
Create table `SYS_ROLE`
(
`ROLE_ID` VARCHAR(255) NOT NULL ,
`ROLE_NAME` VARCHAR(255),
`RIGHTS` VARCHAR(255),
`PARENT_ID` VARCHAR(255),
`ADD_QX` VARCHAR(255),
`DEL_QX` VARCHAR(255),
`EDIT_QX` VARCHAR(255),
`CHA_QX` VARCHAR(255),
`QX_ID` VARCHAR(255),
PRIMARY KEY (`ROLE_ID`)
)ENGINE=InnoDB DEFAULT CHARSET=utf8 COMMENT='SYS_ROLE';


INSERT INTO SYS_ROLE (ROLE_ID,ROLE_NAME,RIGHTS,PARENT_ID,ADD_QX,DEL_QX,EDIT_QX,CHA_QX,QX_ID)VALUES ('2','超级管理员','4611683819404124158','1','30','1','1','1','2');
INSERT INTO SYS_ROLE (ROLE_ID,ROLE_NAME,RIGHTS,PARENT_ID,ADD_QX,DEL_QX,EDIT_QX,CHA_QX,QX_ID)VALUES ('6860150abf64486da96fdcf1ae0e28e1','A级管理员','4611683819404124158','1','0','0','0','0','6860150abf64486da96fdcf1ae0e28e1');
INSERT INTO SYS_ROLE (ROLE_ID,ROLE_NAME,RIGHTS,PARENT_ID,ADD_QX,DEL_QX,EDIT_QX,CHA_QX)VALUES ('4','省级代理','54','0','0','0','0','1');
INSERT INTO SYS_ROLE (ROLE_ID,ROLE_NAME,RIGHTS,PARENT_ID,ADD_QX,DEL_QX,EDIT_QX,CHA_QX)VALUES ('6','市级代理','18','0','0','0','0','1');
INSERT INTO SYS_ROLE (ROLE_ID,ROLE_NAME,RIGHTS,PARENT_ID,ADD_QX,DEL_QX,EDIT_QX,CHA_QX)VALUES ('7','会员级别','34','0','0','0','0','0');
INSERT INTO SYS_ROLE (ROLE_ID,ROLE_NAME,RIGHTS,PARENT_ID,ADD_QX,DEL_QX,EDIT_QX,CHA_QX,QX_ID)VALUES ('1','系统管理员','4611683819404124158','0','1','1','1','1','1');
INSERT INTO SYS_ROLE (ROLE_ID,ROLE_NAME,RIGHTS,PARENT_ID,ADD_QX,DEL_QX,EDIT_QX,CHA_QX,QX_ID)VALUES ('abac05d7f93148149fda3b4af8b05fbb','中级会员','34','7','0','0','0','0','abac05d7f93148149fda3b4af8b05fbb');
INSERT INTO SYS_ROLE (ROLE_ID,ROLE_NAME,RIGHTS,PARENT_ID,ADD_QX,DEL_QX,EDIT_QX,CHA_QX,QX_ID)VALUES ('9b55251207324a2aae8bd073cbaf3971','高级会员','34','7','0','0','0','0','9b55251207324a2aae8bd073cbaf3971');
INSERT INTO SYS_ROLE (ROLE_ID,ROLE_NAME,RIGHTS,PARENT_ID,ADD_QX,DEL_QX,EDIT_QX,CHA_QX,QX_ID)VALUES ('cc874ff76fa149f38503039742b65b57','初级会员','34','7','0','0','0','0','cc874ff76fa149f38503039742b65b57');
INSERT INTO SYS_ROLE (ROLE_ID,ROLE_NAME,RIGHTS,PARENT_ID,ADD_QX,DEL_QX,EDIT_QX,CHA_QX,QX_ID)VALUES ('7f6719a1069941b6af50b2539864d511','市级代理','18','6','0','0','0','0','7f6719a1069941b6af50b2539864d511');
INSERT INTO SYS_ROLE (ROLE_ID,ROLE_NAME,RIGHTS,PARENT_ID,ADD_QX,DEL_QX,EDIT_QX,CHA_QX,QX_ID)VALUES ('98e2524a98144326a129bd9490f9075f','省级代理','54','4','0','0','0','0','98e2524a98144326a129bd9490f9075f');
-- ----------------------------
-- Table structure for `SYS_USER`
-- ----------------------------
DROP TABLE IF EXISTS `SYS_USER`;
Create table `SYS_USER`
(
`USER_ID` VARCHAR(255) NOT NULL  COMMENT '用户id',
`USERNAME` VARCHAR(255) COMMENT '用户名',
`PASSWORD` VARCHAR(255) COMMENT '密码',
`NAME` VARCHAR(255) COMMENT '姓名',
`RIGHTS` VARCHAR(255) COMMENT '权限',
`ROLE_ID` VARCHAR(255) COMMENT '角色id',
`LAST_LOGIN` VARCHAR(255) COMMENT '最后登录时间',
`IP` VARCHAR(255) COMMENT '登录端ip地址',
`STATUS` VARCHAR(255) COMMENT '状态',
`BZ` VARCHAR(255) COMMENT '备注',
`SKIN` VARCHAR(255),
`EMAIL` VARCHAR(255),
`NUMBER` VARCHAR(255),
`PHONE` VARCHAR(255),
PRIMARY KEY (`USER_ID`)
)ENGINE=InnoDB DEFAULT CHARSET=utf8 COMMENT='SYS_USER';


INSERT INTO SYS_USER (USER_ID,USERNAME,PASSWORD,NAME,RIGHTS,ROLE_ID,LAST_LOGIN,IP,STATUS,BZ,SKIN,EMAIL,NUMBER)VALUES ('1','admin','de41b7fb99201d8334c23c014db35ecd92df81bc','系统管理员','1133671055321055258374707980945218933803269864762743594642571294','1','2015-05-18 17:20:24','0:0:0:0:0:0:0:1','0','最高统治者','default','admin@main.com','001');
INSERT INTO SYS_USER (USER_ID,USERNAME,PASSWORD,NAME,ROLE_ID,STATUS,BZ,SKIN,EMAIL,NUMBER)VALUES ('23747df8990049818c76709197ea9b87','dingdan','202cb962ac59075b964b07152d234b70','订单','2','0','dfsd','default','zhangsand@www.com','11301');
INSERT INTO SYS_USER (USER_ID,USERNAME,PASSWORD,NAME,ROLE_ID,STATUS,BZ,SKIN,EMAIL,NUMBER)VALUES ('371ef05e9dd649269384d1657b50bec5','dafangandi','202cb962ac59075b964b07152d234b70','大范甘迪','2','0','sdfs','default','234234@qq.com','234241');
-- ----------------------------
-- Table structure for `SYS_USER_QX`
-- ----------------------------
DROP TABLE IF EXISTS `SYS_USER_QX`;
Create table `SYS_USER_QX`
(
`U_ID` VARCHAR(255) NOT NULL ,
`C1` INTEGER,
`C2` INTEGER,
`C3` INTEGER,
`C4` INTEGER,
`Q1` INTEGER,
`Q2` INTEGER,
`Q3` INTEGER,
`Q4` INTEGER,
PRIMARY KEY (`U_ID`)
)ENGINE=InnoDB DEFAULT CHARSET=utf8 COMMENT='SYS_USER_QX';


INSERT INTO SYS_USER_QX (U_ID,C1,C2,C3,C4,Q1,Q2,Q3,Q4)VALUES ('2','1','1','1','1','1','1','1','1');
INSERT INTO SYS_USER_QX (U_ID,C1,C2,C3,C4,Q1,Q2,Q3,Q4)VALUES ('1','1','1','1','1','1','1','1','1');
INSERT INTO SYS_USER_QX (U_ID,C1,C2,C3,C4,Q1,Q2,Q3,Q4)VALUES ('abac05d7f93148149fda3b4af8b05fbb','0','0','0','0','0','0','0','0');
INSERT INTO SYS_USER_QX (U_ID,C1,C2,C3,C4,Q1,Q2,Q3,Q4)VALUES ('9b55251207324a2aae8bd073cbaf3971','0','0','0','0','0','0','0','0');
INSERT INTO SYS_USER_QX (U_ID,C1,C2,C3,C4,Q1,Q2,Q3,Q4)VALUES ('cc874ff76fa149f38503039742b65b57','0','0','0','0','0','0','0','0');
INSERT INTO SYS_USER_QX (U_ID,C1,C2,C3,C4,Q1,Q2,Q3,Q4)VALUES ('7f6719a1069941b6af50b2539864d511','0','0','0','0','0','0','0','0');
INSERT INTO SYS_USER_QX (U_ID,C1,C2,C3,C4,Q1,Q2,Q3,Q4)VALUES ('98e2524a98144326a129bd9490f9075f','0','0','0','0','0','0','0','0');
INSERT INTO SYS_USER_QX (U_ID,C1,C2,C3,C4,Q1,Q2,Q3,Q4)VALUES ('6860150abf64486da96fdcf1ae0e28e1','0','0','0','0','0','0','0','0');
-- ----------------------------
-- Table structure for `TB_PICTURES`
-- ----------------------------
DROP TABLE IF EXISTS `TB_PICTURES`;
Create table `TB_PICTURES`
(
`TITLE` VARCHAR(255) COMMENT '标题',
`NAME` VARCHAR(255) COMMENT '文件名',
`PATH` VARCHAR(255) COMMENT '路径',
`CREATETIME` VARCHAR(255) COMMENT '创建时间',
`MASTER_ID` VARCHAR(255) COMMENT '属于',
`BZ` VARCHAR(255) COMMENT '备注',
`PICTURES_ID` VARCHAR(255) NOT NULL  COMMENT 'ID',
PRIMARY KEY (`PICTURES_ID`)
)ENGINE=InnoDB DEFAULT CHARSET=utf8 COMMENT='TB_PICTURES';


INSERT INTO TB_PICTURES (TITLE,NAME,PATH,CREATETIME,MASTER_ID,BZ,PICTURES_ID)VALUES ('图片','3a82fb0892be4714a801ebe17f302ffb.png','20150406/3a82fb0892be4714a801ebe17f302ffb.png','2015-04-06 18:18:36','1','图片管理处上传','9e3a0d3a3cc04588922b33be140dee9e');
INSERT INTO TB_PICTURES (TITLE,NAME,PATH,CREATETIME,MASTER_ID,BZ,PICTURES_ID)VALUES ('图片','e8cf6b36f92f4600a1f3faba127eb863.png','20150406/e8cf6b36f92f4600a1f3faba127eb863.png','2015-04-06 18:18:36','1','图片管理处上传','b9cf61cb5cc743dc9d0ce88f50e92408');
-- ----------------------------
-- Table structure for `BB_SHOP_NAVIGATION`
-- ----------------------------
DROP TABLE IF EXISTS `BB_SHOP_NAVIGATION`;
Create table `BB_SHOP_NAVIGATION`
(
`NAVIGATION_ID` VARCHAR(255) NOT NULL  COMMENT 'ID',
`CREATE_DATE` VARCHAR(255) COMMENT '创建时间',
`MODIFY_DATE` VARCHAR(255) COMMENT '修改时间',
`ORDERS` INTEGER COMMENT '序列',
`NAME` VARCHAR(255) COMMENT '名称',
`POSITION` INTEGER COMMENT '位置',
`URL` VARCHAR(255) COMMENT '链接地址',
`ISBLANKTARGET` INTEGER COMMENT '是否新窗口打开',
PRIMARY KEY (`NAVIGATION_ID`)
)ENGINE=InnoDB DEFAULT CHARSET=utf8 COMMENT='BB_SHOP_NAVIGATION';


INSERT INTO BB_SHOP_NAVIGATION (NAVIGATION_ID,CREATE_DATE,MODIFY_DATE,ORDERS,NAME,POSITION,URL,ISBLANKTARGET)VALUES ('aca2081286f14215b30ce2a44b809e27','2015-04-16 14:09:33','2015-04-16 14:20:06','2','首页','0','####','1');
INSERT INTO BB_SHOP_NAVIGATION (NAVIGATION_ID,CREATE_DATE,ORDERS,NAME,POSITION,URL,ISBLANKTARGET)VALUES ('fe1c55681ea94aacb811e3885863dced','2015-04-20 22:24:18','1','dfdd','0','sdsfdsf','0');
INSERT INTO BB_SHOP_NAVIGATION (NAVIGATION_ID,CREATE_DATE,MODIFY_DATE,ORDERS,NAME,POSITION,URL,ISBLANKTARGET)VALUES ('1','2013-01-01 20:38:34','2013-01-01 20:38:48','1','会员中心','1','/member/index.jhtml','1');
-- ----------------------------
-- Table structure for `BB_6_TAG`
-- ----------------------------
DROP TABLE IF EXISTS `BB_6_TAG`;
Create table `BB_6_TAG`
(
`TAG_ID` VARCHAR(255) NOT NULL  COMMENT 'ID',
`NAME` VARCHAR(255) COMMENT '姓名',
`TAGTYPE` VARCHAR(255) COMMENT '类型',
`ICON` VARCHAR(255) COMMENT '图标',
`MEMO` VARCHAR(255) COMMENT '备注',
`ORDERS` INTEGER COMMENT '顺序',
`CREATE_DATE` VARCHAR(255) COMMENT '创建日期',
`MODIFY_DATE` VARCHAR(255) COMMENT '修改日期',
PRIMARY KEY (`TAG_ID`)
)ENGINE=InnoDB DEFAULT CHARSET=utf8 COMMENT='BB_6_TAG';


-- ----------------------------
-- Table structure for `BB_6_ARTICLECATEGORY`
-- ----------------------------
DROP TABLE IF EXISTS `BB_6_ARTICLECATEGORY`;
Create table `BB_6_ARTICLECATEGORY`
(
`ARTICLECATEGORY_ID` VARCHAR(255) NOT NULL  COMMENT 'ID',
`CREATE_DATE` VARCHAR(255) NOT NULL  COMMENT '创建日期',
`MODIFY_DATE` VARCHAR(255) NOT NULL  COMMENT '修改日期',
`ORDERS` INTEGER COMMENT '排序',
`GRADE` INTEGER NOT NULL  COMMENT '层级',
`NAME` VARCHAR(255) NOT NULL  COMMENT '名称',
`SEO_DESCRIPTION` VARCHAR(255) COMMENT '页面描述 ',
`SEO_KEYWORDS` VARCHAR(255) COMMENT '页面关键词',
`SEO_TITLE` VARCHAR(255) COMMENT '页面标题',
`TREE_PATH` VARCHAR(255) NOT NULL  COMMENT '树路径',
`PARENT` VARCHAR(255) COMMENT '上级分类',
PRIMARY KEY (`ARTICLECATEGORY_ID`)
)ENGINE=InnoDB DEFAULT CHARSET=utf8 COMMENT='BB_6_ARTICLECATEGORY';


INSERT INTO BB_6_ARTICLECATEGORY (ARTICLECATEGORY_ID,CREATE_DATE,MODIFY_DATE,ORDERS,GRADE,NAME,TREE_PATH)VALUES ('4f599af68cbc479fb71538af57b4b47e','2015-04-29 17:04:50','2015-04-30 15:53:37','1','0','商城动态',',');
INSERT INTO BB_6_ARTICLECATEGORY (ARTICLECATEGORY_ID,CREATE_DATE,MODIFY_DATE,ORDERS,GRADE,NAME,TREE_PATH,PARENT)VALUES ('54e19d365c954a5d83610c68e72f091d','2015-04-29 17:05:04','2015-04-30 16:21:42','2','1','内容1',',4f599af68cbc479fb71538af57b4b47e,','4f599af68cbc479fb71538af57b4b47e');
INSERT INTO BB_6_ARTICLECATEGORY (ARTICLECATEGORY_ID,CREATE_DATE,MODIFY_DATE,GRADE,NAME,TREE_PATH,PARENT)VALUES ('88aa8b455c7a4500a706be2c7caf5b27','2015-04-29 17:08:03','2015-04-29 17:08:03','1','首页1',',4f599af68cbc479fb71538af57b4b47e,','4f599af68cbc479fb71538af57b4b47e');
INSERT INTO BB_6_ARTICLECATEGORY (ARTICLECATEGORY_ID,CREATE_DATE,MODIFY_DATE,ORDERS,GRADE,NAME,TREE_PATH)VALUES ('f4121ba4fd574d9995d6268e331ead57','2015-04-30 16:10:59','2015-04-30 16:10:59','4','0','支付方式',',');
INSERT INTO BB_6_ARTICLECATEGORY (ARTICLECATEGORY_ID,CREATE_DATE,MODIFY_DATE,ORDERS,GRADE,NAME,TREE_PATH)VALUES ('e0a91618379343cbbdb6bc6fcfcc8034','2015-04-30 14:50:59','2015-04-30 16:22:18','3','0','购物指南1',',');
-- ----------------------------
-- Table structure for `BB_SHOP_ARTICLE`
-- ----------------------------
DROP TABLE IF EXISTS `BB_SHOP_ARTICLE`;
Create table `BB_SHOP_ARTICLE`
(
`ARTICLE_ID` VARCHAR(255) NOT NULL  COMMENT 'ID',
`TITLE` VARCHAR(255) COMMENT '标题',
`AUTHOR` VARCHAR(255) COMMENT '作者',
`CONTENT` VARCHAR(255) COMMENT '内容',
`SEO_TITLE` VARCHAR(255) COMMENT '页面标题',
`SEO_KEYWORDS` VARCHAR(255) COMMENT '页面关键词',
`SEO_DESCRIPTION` VARCHAR(255) COMMENT '页面描述',
`IS_PUBLICATION` INTEGER COMMENT '是否发布',
`IS_TOP` INTEGER COMMENT '是否置顶',
`HITS` NUMERIC(19,5) COMMENT '点击数',
`ARTICLE_CATEGORY` VARCHAR(255) COMMENT '文章分类',
PRIMARY KEY (`ARTICLE_ID`)
)ENGINE=InnoDB DEFAULT CHARSET=utf8 COMMENT='BB_SHOP_ARTICLE';


INSERT INTO BB_SHOP_ARTICLE (ARTICLE_ID,TITLE,IS_PUBLICATION,IS_TOP,HITS,ARTICLE_CATEGORY)VALUES ('3cde7e4bdce2414d97dace456d9d81ea','衣服','0','0','0','4f599af68cbc479fb71538af57b4b47e');
INSERT INTO BB_SHOP_ARTICLE (ARTICLE_ID,TITLE,IS_PUBLICATION,IS_TOP,HITS,ARTICLE_CATEGORY)VALUES ('daec465a47324979871fb11dade42b9d','新用户注册','0','0','0','4f599af68cbc479fb71538af57b4b47e');
INSERT INTO BB_SHOP_ARTICLE (ARTICLE_ID,TITLE,IS_PUBLICATION,IS_TOP,HITS,ARTICLE_CATEGORY)VALUES ('3b140d271ea54e9281963e903a94267e','会员等级','0','0','0','54e19d365c954a5d83610c68e72f091d');
-- ----------------------------
-- Table structure for `DISTRICT`
-- ----------------------------
DROP TABLE IF EXISTS `DISTRICT`;
Create table `DISTRICT`
(
`ID` INTEGER NOT NULL ,
`NAME` VARCHAR(255) NOT NULL ,
PRIMARY KEY (`ID`)
)ENGINE=InnoDB DEFAULT CHARSET=utf8 COMMENT='DISTRICT';


INSERT INTO DISTRICT (ID,NAME)VALUES ('1001','东城');
INSERT INTO DISTRICT (ID,NAME)VALUES ('1002','西城');
INSERT INTO DISTRICT (ID,NAME)VALUES ('1003','石景山');
INSERT INTO DISTRICT (ID,NAME)VALUES ('1006','朝阳');
INSERT INTO DISTRICT (ID,NAME)VALUES ('1000','丰台');
INSERT INTO DISTRICT (ID,NAME)VALUES ('1004','海淀');
INSERT INTO DISTRICT (ID,NAME)VALUES ('1005','国广');
-- ----------------------------
-- Table structure for `HOUSE`
-- ----------------------------
DROP TABLE IF EXISTS `HOUSE`;
Create table `HOUSE`
(
`ID` INTEGER NOT NULL ,
`USER_ID` INTEGER,
`TYPE_ID` INTEGER,
`TITLE` VARCHAR(255),
`DESCRIPTION` VARCHAR(255),
`PRICE` INTEGER,
`PUBDATE` DATETIME,
`FLOORAGE` INTEGER,
`CONTACT` VARCHAR(255),
`STREET_ID` INTEGER,
PRIMARY KEY (`ID`)
)ENGINE=InnoDB DEFAULT CHARSET=utf8 COMMENT='HOUSE';


INSERT INTO HOUSE (ID,TITLE,PRICE)VALUES ('1','中关村两居','5000');
INSERT INTO HOUSE (ID,TITLE,PRICE,STREET_ID)VALUES ('2','知春路一居','4000','1000');
INSERT INTO HOUSE (ID,USER_ID,TYPE_ID,TITLE,DESCRIPTION,PRICE,PUBDATE,FLOORAGE,CONTACT,STREET_ID)VALUES ('3','1005','1002','武广两居','好贵呀','5000','2015/5/20 0:00:00','120','zzx','1004');
-- ----------------------------
-- Table structure for `STREET`
-- ----------------------------
DROP TABLE IF EXISTS `STREET`;
Create table `STREET`
(
`ID` INTEGER NOT NULL ,
`NAME` VARCHAR(255) NOT NULL ,
`DISTRICT_ID` INTEGER,
PRIMARY KEY (`ID`)
)ENGINE=InnoDB DEFAULT CHARSET=utf8 COMMENT='STREET';


INSERT INTO STREET (ID,NAME,DISTRICT_ID)VALUES ('1000','知春路','1004');
INSERT INTO STREET (ID,NAME,DISTRICT_ID)VALUES ('1001','中关村大街','1004');
INSERT INTO STREET (ID,NAME,DISTRICT_ID)VALUES ('1002','学院路','1004');
INSERT INTO STREET (ID,NAME,DISTRICT_ID)VALUES ('1003','朝阳路','1006');
INSERT INTO STREET (ID,NAME,DISTRICT_ID)VALUES ('1004','航空路','1005');
-- ----------------------------
-- Table structure for `TYPES`
-- ----------------------------
DROP TABLE IF EXISTS `TYPES`;
Create table `TYPES`
(
`ID` INTEGER NOT NULL ,
`NAME` VARCHAR(255) NOT NULL ,
PRIMARY KEY (`ID`)
)ENGINE=InnoDB DEFAULT CHARSET=utf8 COMMENT='TYPES';


INSERT INTO TYPES (ID,NAME)VALUES ('1000','一室一厅');
INSERT INTO TYPES (ID,NAME)VALUES ('1001','一室两厅');
INSERT INTO TYPES (ID,NAME)VALUES ('1002','两室一厅');
INSERT INTO TYPES (ID,NAME)VALUES ('1003','两室两厅');
INSERT INTO TYPES (ID,NAME)VALUES ('1004','三室一厅');
INSERT INTO TYPES (ID,NAME)VALUES ('1005','三室两厅');
INSERT INTO TYPES (ID,NAME)VALUES ('1006','四室一厅');
INSERT INTO TYPES (ID,NAME)VALUES ('1007','四室两厅');
INSERT INTO TYPES (ID,NAME)VALUES ('1008','四十三厅');
-- ----------------------------
-- Table structure for `USERS`
-- ----------------------------
DROP TABLE IF EXISTS `USERS`;
Create table `USERS`
(
`ID` INTEGER NOT NULL ,
`NAME` VARCHAR(255) NOT NULL ,
`PASSWORD` VARCHAR(255) NOT NULL ,
`TELEPHONE` VARCHAR(255),
`USERNAME` VARCHAR(255),
`ISADMIN` VARCHAR(255),
PRIMARY KEY (`ID`)
)ENGINE=InnoDB DEFAULT CHARSET=utf8 COMMENT='USERS';


INSERT INTO USERS (ID,NAME,PASSWORD,ISADMIN)VALUES ('4','d','d','0');
INSERT INTO USERS (ID,NAME,PASSWORD)VALUES ('1001','test1','123');
INSERT INTO USERS (ID,NAME,PASSWORD)VALUES ('1002','jbit','123');
INSERT INTO USERS (ID,NAME,PASSWORD)VALUES ('1000','admin','123');
INSERT INTO USERS (ID,NAME,PASSWORD)VALUES ('60','test2','123');
INSERT INTO USERS (ID,NAME,PASSWORD)VALUES ('77','test3','123');
INSERT INTO USERS (ID,NAME,PASSWORD,TELEPHONE,USERNAME,ISADMIN)VALUES ('1005','zzx','123','18672342815','张正雄','1');
